verbatimScientificName,countryCode,decimalLatitude,decimalLongitude,coordinateUncertaintyInMeters,year,bio_01,bio_02,bio_03,bio_04,bio_05,bio_06,bio_07,bio_10,bio_11,bio_12,bio_13,bio_14,bio_15,bio_16,bio_17,elevation
Aedes aegypti,MX,20.96,-89.61,0.0,1980,25.76422,13.47212,64.62598,215.14006,36.26726,15.42097,20.84629,27.98497,23.17825,1018.64746,171.00349,23.99991,69.30621,482.82541,76.14883,12.0
Aedes aegypti,MX,22.3,-97.85,0.0,1980,24.08632,9.1832,47.72478,373.59491,32.8491,13.60711,19.24199,27.97204,19.92286,1072.04553,295.75171,12.42788,93.83689,580.35645,58.10246,13.5
Aedes aegypti,MX,18.5,-99.56,0.0,1988,18.75346,12.18675,68.12705,150.39305,28.20025,10.31198,17.88827,20.63596,17.08993,1093.16223,237.48309,5.09911,106.12151,668.44141,19.29097,1759.0
Aedes aegypti,MX,27.45,-110.1,0.0,2005,23.75885,16.56885,54.90125,573.99139,38.26044,8.08108,30.17936,30.73977,17.66892,342.53702,88.41199,0.45069,102.74337,227.61328,7.61913,19.0
Aedes aegypti,MX,26.91,-109.63,0.0,2005,23.1573,16.06689,55.50194,545.14343,36.75064,7.80231,28.94834,29.85797,17.32685,331.78958,74.79304,0.46253,96.36411,210.3922,5.82112,16.5
Aedes aegypti,MX,21.81,-105.21,0.0,1984,25.6145,13.1878,62.04676,281.93634,34.68227,13.42766,21.25461,28.54636,22.53929,1378.27295,413.50241,1.25514,130.38388,1066.26428,12.8216,18.0
Aedes aegypti,MX,25.53,-108.6,0.0,2006,24.78996,14.71748,56.81852,457.04608,36.62495,10.72233,25.90262,30.12254,19.87475,463.36575,116.7619,0.26245,110.13046,318.48007,6.71736,7.5
Aedes aegypti,MX,24.25,-107.18,0.0,2006,24.83889,14.62866,58.13195,392.21881,36.04766,10.88309,25.16457,29.4226,20.69802,607.47931,140.83771,0.58927,105.91095,386.936,9.42955,16.0
Aedes aegypti,MX,25.88,-97.5,0.0,1996,22.53559,10.9274,41.99839,543.84595,34.74298,8.72437,26.01861,28.64001,16.9068,594.94189,78.74658,19.66193,40.82085,201.04932,82.39289,15.0
Aedes aegypti,MX,22.21,-97.85,0.0,1996,24.1122,9.17736,47.91599,370.9418,32.79956,13.64653,19.15303,27.94821,19.96097,1086.38306,294.3349,12.51144,91.78167,580.36157,60.38861,6.0
Aedes aegypti,MX,26.08,-98.28,0.0,1996,22.76682,12.29347,43.80365,588.24341,36.31907,8.25412,28.06495,29.3387,16.46186,536.08966,92.8556,13.15273,49.42189,197.93761,80.75423,47.5
Aedes aegypti,MX,19.38,-96.39,0.0,2009,25.13489,11.50798,60.21684,241.77095,34.32039,15.20948,19.11091,27.52504,22.35972,1030.42834,275.41019,7.15535,111.32456,667.31372,29.96136,25.0
Aedes aegypti,MX,18.73,-99.01,0.0,2009,22.08322,15.31547,67.32216,195.92043,33.51472,10.7652,22.74952,24.3378,19.79004,839.81299,182.8167,3.54446,109.37509,514.48126,11.66832,1219.5
Aedes aegypti,MX,21.78,-104.87,0.0,2009,25.8257,14.07523,62.14147,263.4201,36.29477,13.64447,22.6503,28.49809,22.92131,1176.02576,320.3512,0.81084,125.2046,887.2973,13.88288,146.5
Aedes aegypti,MX,17.67,-99.88,0.0,2009,14.30002,12.88975,70.5993,120.1203,22.98871,4.73109,18.25762,15.41273,12.9193,1396.25342,307.84879,7.37362,104.88457,867.86096,29.92896,2522.5
Aedes aegypti,MX,24.98,-107.49,0.0,2009,24.80627,16.10819,61.29194,401.78757,36.40489,10.12379,26.2811,29.44995,20.50284,774.79742,213.2764,0.92722,118.83285,566.49652,9.07514,119.0
Aedes aegypti,MX,19.2,-101.89,0.0,2009,25.85936,16.77804,67.74421,179.15274,38.61351,13.84676,24.76675,27.83497,23.98551,797.81604,196.66521,1.09546,110.57635,515.67572,5.06584,493.0
Aedes aegypti,MX,20.57,-103.24,0.0,2009,19.37479,15.83594,63.05408,252.19705,32.23452,7.11967,25.11485,22.18667,16.39216,875.34863,239.8378,2.93726,121.51122,617.03607,10.1294,1571.5
Aedes aegypti,MX,20.94,-101.47,0.0,2009,18.595,16.77346,63.70384,278.91919,31.7699,5.43952,26.33038,21.65543,15.35025,650.62097,175.94479,4.60327,109.73955,426.70898,17.27788,1773.0
Aedes aegypti,MX,25.87,-97.51,0.0,2005,22.53498,10.95654,42.02853,544.57532,34.76535,8.69607,26.06928,28.64673,16.89782,592.86969,78.42409,19.50792,40.95601,200.48566,82.12864,12.0
Aedes aegypti,MX,20.98,-89.62,0.0,1980,25.77433,13.41835,64.5747,214.84976,36.22807,15.44849,20.77958,27.98562,23.19246,1007.65771,167.64059,23.80094,69.02136,475.60818,75.37756,12.0
Aedes aegypti,MX,19.14,-103.93,0.0,2009,23.18171,15.92533,70.95116,157.36302,33.64422,11.19873,22.44549,24.78308,21.49921,975.2984,231.0213,0.44313,115.64097,674.44067,4.48981,636.0
Aedes aegypti,MX,25.81,-98.37,0.0,1995,22.46206,12.59911,44.13198,586.64783,36.01672,7.46802,28.5487,29.00979,16.21685,535.0965,83.61633,16.25717,45.2913,175.75136,79.78489,102.5
Aedes aegypti,MX,20.96,-89.61,0.0,1984,25.76422,13.47212,64.62598,215.14006,36.26726,15.42097,20.84629,27.98497,23.17825,1018.64746,171.00349,23.99991,69.30621,482.82541,76.14883,12.0
Aedes aegypti,MX,26.08,-98.28,0.0,1995,22.76682,12.29347,43.80365,588.24341,36.31907,8.25412,28.06495,29.3387,16.46186,536.08966,92.8556,13.15273,49.42189,197.93761,80.75423,47.5
Aedes aegypti,MX,26.92,-109.63,0.0,2005,23.16118,16.0919,55.51929,545.67792,36.77771,7.79337,28.98433,29.86524,17.32449,335.03391,75.87679,0.46195,96.63795,213.00101,5.92041,15.5
Aedes aegypti,MX,26.08,-98.29,0.0,1996,22.75673,12.2951,43.80045,588.50018,36.31527,8.24457,28.0707,29.33109,16.4463,536.93475,92.46614,13.2975,49.21867,197.94859,80.82637,48.0
Aedes aegypti,MX,24.93,-98.64,0.0,1995,23.44493,14.31371,49.64565,536.34247,37.39364,8.56188,28.83176,29.44486,17.59169,626.64728,121.0715,21.70594,53.11641,227.92361,82.99754,153.0
Aedes aegypti,MX,20.98,-89.62,0.0,2008,25.77433,13.41835,64.5747,214.84976,36.22807,15.44849,20.77958,27.98562,23.19246,1007.65771,167.64059,23.80094,69.02136,475.60818,75.37756,12.0
Aedes aegypti,MX,20.86,-90.39,0.0,2007,26.02199,11.66745,63.11687,207.79665,35.01513,16.52966,18.48547,27.97544,23.61194,773.27228,145.5022,6.22538,84.80865,400.57449,34.95852,2.5
Aedes aegypti,MX,20.98,-89.62,0.0,2003,25.77433,13.41835,64.5747,214.84976,36.22807,15.44849,20.77958,27.98562,23.19246,1007.65771,167.64059,23.80094,69.02136,475.60818,75.37756,12.0
Aedes aegypti,MX,25.78,-103.27,0.0,1993,20.93837,16.73712,55.18281,531.99475,35.1017,4.77139,30.33031,26.75035,14.9548,209.00934,35.77514,2.41951,61.30028,93.88203,13.71785,1110.0
Aedes aegypti,MX,28.71,-100.52,0.0,1993,21.74141,13.62804,42.90965,688.04608,37.33939,5.57953,31.75986,29.82362,14.40936,518.08307,72.86407,18.92151,45.75319,190.89099,68.55163,223.5
Aedes aegypti,MX,20.94,-89.62,0.0,1990,25.76251,13.52735,64.65132,215.70418,36.32477,15.40123,20.92354,27.99631,23.16909,1019.25275,169.77609,24.0409,69.23034,480.4061,77.10971,13.0
Aedes aegypti,MX,25.87,-97.51,0.0,1995,22.53498,10.95654,42.02853,544.57532,34.76535,8.69607,26.06928,28.64673,16.89782,592.86969,78.42409,19.50792,40.95601,200.48566,82.12864,12.0
Aedes aegypti,MX,25.68,-100.29,0.0,1991,21.38704,13.48282,48.52711,537.53174,34.76819,6.98408,27.78411,27.54214,15.39169,587.242,151.97791,13.9608,79.41033,279.75949,47.91675,519.5
Aedes aegypti,MX,26.08,-98.29,0.0,1995,22.75673,12.2951,43.80045,588.50018,36.31527,8.24457,28.0707,29.33109,16.4463,536.93475,92.46614,13.2975,49.21867,197.94859,80.82637,48.0
Aedes aegypti,MX,27.88,-101.52,0.0,1993,20.99933,15.60083,47.99856,632.82654,36.60725,4.10455,32.5027,28.45859,14.4065,439.8461,70.39237,14.78418,57.19455,175.08484,45.69841,493.0
Aedes aegypti,MX,17.07,-96.72,0.0,1996,20.02791,16.23841,67.95385,199.9632,31.83093,7.9347,23.89623,22.09716,17.55608,674.9964,141.054,2.17156,91.27792,360.03131,19.51244,1571.0
Aedes aegypti,MX,25.68,-100.31,0.0,1996,21.27233,13.4673,48.77218,532.21161,34.56763,6.95496,27.61267,27.36295,15.33055,562.81482,148.2356,13.29047,80.84321,271.00613,44.97105,538.0
Aedes aegypti,MX,27.92,-110.9,0.0,1998,23.91354,16.02825,54.3347,564.23389,38.29137,8.79227,29.4991,30.80942,18.19638,305.27844,85.37175,0.65104,123.96983,236.9437,3.46519,20.0
Aedes aegypti,MX,29.2,-100.95,0.0,1998,20.36409,13.70321,41.91711,722.92474,36.59735,3.90615,32.6912,29.04915,12.66675,521.6626,79.53724,13.81011,48.98018,206.90329,65.60159,340.0
Aedes aegypti,MX,25.3,-100.04,0.0,1997,21.39784,13.83317,48.73026,538.99213,35.21254,6.8253,28.38724,27.5358,15.36917,839.80804,209.70599,20.71765,76.73342,375.42023,69.82629,467.0
Aedes aegypti,MX,14.9,-92.27,0.0,2006,26.83844,12.81501,74.61306,93.81665,35.00345,17.82816,17.17529,27.80287,25.82793,2635.5166,503.78519,6.78837,88.2612,1298.54004,56.02827,150.0
Aedes aegypti,MX,31.68,-106.48,0.0,2003,17.15137,15.21984,42.84701,776.72925,35.21674,-0.30461,35.52135,26.80166,8.99073,268.1958,52.42511,7.45409,63.83951,136.41605,28.76519,1209.0
Aedes aegypti,MX,31.33,-110.95,0.0,2002,17.472,16.38916,50.49864,636.90533,34.24899,1.79434,32.45465,25.43633,10.88859,501.70328,120.6243,6.14319,86.85372,287.40793,25.75077,1221.0
Aedes aegypti,MX,25.3,-100.04,0.0,1999,21.39784,13.83317,48.73026,538.99213,35.21254,6.8253,28.38724,27.5358,15.36917,839.80804,209.70599,20.71765,76.73342,375.42023,69.82629,467.0
Aedes aegypti,MX,31.33,-110.95,0.0,2002,17.472,16.38916,50.49864,636.90533,34.24899,1.79434,32.45465,25.43633,10.88859,501.70328,120.6243,6.14319,86.85372,287.40793,25.75077,1221.0
Aedes aegypti,MX,31.33,-110.93,0.0,2002,17.11948,16.4167,50.77206,628.84851,33.95092,1.61679,32.33413,24.97613,10.64567,510.23401,120.3598,6.31926,85.51106,289.52054,27.09738,1256.0
Aedes aegypti,MX,31.26,-110.94,0.0,2002,16.98275,16.62581,51.34834,622.44617,33.90828,1.52979,32.37849,24.76099,10.57425,529.8114,121.8637,6.26349,84.96067,299.60596,26.81446,1313.5
Aedes aegypti,MX,31.27,-110.97,0.0,2002,16.88537,16.59541,51.35148,621.05603,33.80725,1.48995,32.3173,24.65291,10.50104,529.18036,121.9734,6.21881,84.67705,298.72742,26.87679,1353.0
Aedes aegypti,MX,31.28,-110.96,0.0,2002,16.99441,16.56864,51.21235,623.88666,33.89457,1.54175,32.35282,24.79663,10.57284,525.83423,121.962,6.23098,85.09007,297.68903,26.68112,1302.5
Aedes aegypti,MX,31.29,-110.93,0.0,2002,17.11367,16.5421,51.06215,626.71521,33.99339,1.59738,32.396,24.94455,10.65403,521.24042,121.487,6.28077,85.50063,295.86661,26.70171,1254.5
Aedes aegypti,MX,31.26,-110.96,0.0,2002,16.82457,16.61991,51.45113,619.11011,33.76257,1.46026,32.30231,24.56513,10.46395,531.41034,121.8651,6.22581,84.44244,299.46942,27.07481,1350.5
Aedes aegypti,MX,31.27,-110.93,0.0,2002,16.99893,16.60104,51.27734,623.15167,33.91366,1.53866,32.375,24.78413,10.58326,527.23993,121.6006,6.28853,85.02233,298.24915,26.9379,1284.0
Aedes aegypti,MX,25.82,-100.02,0.0,1997,22.14644,13.28367,46.12474,581.91663,35.98948,7.19004,28.79944,28.80263,15.68535,584.79065,121.3532,16.50135,62.13603,246.42618,61.62375,333.0
Aedes aegypti,MX,15.14,-92.47,0.0,1994,27.47256,13.06537,72.45811,103.12072,36.04769,18.01607,18.03162,28.56547,26.30447,3013.56445,595.3761,7.91881,91.20891,1554.13037,54.57149,41.5
Aedes aegypti,MX,20.37,-97.28,0.0,2003,24.35774,10.20572,51.88119,355.23544,33.81346,14.14214,19.67132,28.02949,20.3159,1322.87585,265.81299,44.19226,56.80661,508.29858,176.31232,27.5
Aedes aegypti,MX,20.98,-89.62,0.0,1990,25.77433,13.41835,64.5747,214.84976,36.22807,15.44849,20.77958,27.98562,23.19246,1007.65771,167.64059,23.80094,69.02136,475.60818,75.37756,12.0
Aedes aegypti,MX,26.01,-98.29,0.0,1995,22.65454,12.3402,43.7811,588.70032,36.19105,8.00491,28.18614,29.22859,16.36345,532.69238,92.51123,13.10813,49.09856,193.69713,80.38516,57.0
Aedes aegypti,MX,14.9,-92.27,0.0,1998,26.83844,12.81501,74.61306,93.81665,35.00345,17.82816,17.17529,27.80287,25.82793,2635.5166,503.78519,6.78837,88.2612,1298.54004,56.02827,150.0
Aedes aegypti,MX,15.87,-97.07,0.0,1999,25.64694,12.7808,69.86024,131.94928,33.59604,15.30123,18.29481,26.79054,24.21908,1047.37634,271.6492,0.58646,117.89096,686.84888,13.07806,88.0
Aedes aegypti,MX,29.1,-110.95,0.0,2000,23.397,16.31481,52.52677,608.28101,38.93289,7.87291,31.05998,30.72302,17.02766,361.68512,92.80116,3.06919,103.32977,239.66142,14.43086,220.0
Aedes aegypti,MX,27.48,-99.51,0.0,1997,22.21616,11.98354,40.05111,668.81671,36.66978,6.74916,29.92062,29.90259,14.97046,511.83008,77.80151,23.134,41.78973,170.45212,77.31565,128.0
Aedes aegypti,MX,25.5,-100.08,0.0,1996,21.75405,13.71421,47.62505,559.53589,35.72982,6.93361,28.79621,28.15335,15.53207,791.88806,188.2852,20.25228,73.70111,349.67593,69.04104,394.0
Aedes aegypti,MX,20.96,-97.41,0.0,1996,23.86369,9.12082,50.39828,343.56406,32.29399,14.1965,18.09749,27.38466,20.03604,1350.00793,252.4801,27.38468,69.23115,626.39868,115.52229,11.5
Aedes aegypti,MX,23.74,-99.14,0.0,1996,22.9597,13.68295,52.44332,464.10226,35.77046,9.67952,26.09094,28.15998,17.69903,609.28589,129.5984,11.30319,71.4084,261.74164,45.36718,312.0
Aedes aegypti,MX,20.98,-89.66,0.0,1999,25.79992,13.34789,64.43541,215.01472,36.21631,15.50117,20.71514,28.00857,23.21627,979.74237,159.3008,23.13824,68.37785,453.77689,74.27143,9.0
Aedes aegypti,MX,20.99,-89.62,0.0,1999,25.77447,13.39661,64.55947,214.67542,36.2066,15.4558,20.7508,27.9812,23.19504,1003.56085,166.3884,23.78211,68.8866,472.9617,75.17946,13.0
Aedes aegypti,MX,17.98,-94.55,0.0,1996,25.84149,9.6201,52.21268,247.81781,35.59314,17.16831,18.42483,28.38785,22.88052,2312.41528,411.52939,28.80239,69.08315,1049.08435,114.4731,9.0
Aedes aegypti,MX,26.09,-98.29,0.0,1997,22.77981,12.293,43.80593,588.5885,36.34394,8.28154,28.0624,29.35539,16.46569,537.49896,92.37011,13.33746,49.19074,198.31961,80.83978,41.0
Aedes aegypti,MX,18.5,-88.3,0.0,1999,25.97977,10.00039,62.77301,190.22107,33.29443,17.36339,15.93104,27.7663,23.72323,1371.98401,204.1147,33.29202,54.24913,520.7923,112.56574,4.5
Aedes aegypti,MX,17.95,-102.21,0.0,1999,26.94375,10.09904,68.09418,135.90108,33.14501,18.31403,14.83098,28.23724,25.31186,1101.7323,331.85019,0.14311,119.00444,765.51599,1.90159,7.0
Aedes aegypti,MX,17.65,-101.53,0.0,1999,25.99968,11.16994,69.75498,125.69533,32.99766,16.98456,16.0131,27.15728,24.53635,1046.03711,317.59311,0.22331,118.89313,683.66602,5.76083,118.0
Aedes aegypti,MX,21.01,-89.63,0.0,1999,25.78945,13.32235,64.49548,214.2442,36.15049,15.49423,20.65626,27.98199,23.21656,981.65649,162.57719,23.61742,68.15784,457.06039,74.58099,10.0
Aedes aegypti,MX,27.48,-99.51,0.0,1997,22.21616,11.98354,40.05111,668.81671,36.66978,6.74916,29.92062,29.90259,14.97046,511.83008,77.80151,23.134,41.78973,170.45212,77.31565,128.0
Aedes aegypti,MX,18.65,-91.82,0.0,1998,26.49815,10.42405,59.5046,207.90764,35.33651,17.81845,17.51806,28.57364,23.96933,1536.24756,270.7457,24.5373,69.24626,633.9292,107.70329,5.0
Aedes aegypti,MX,25.67,-100.3,0.0,1996,21.33554,13.47901,48.63799,534.9491,34.68302,6.97011,27.71291,27.45995,15.36771,585.48059,152.75031,13.78904,80.25669,280.33704,46.95824,527.0
Aedes aegypti,MX,18.51,-88.3,0.0,1999,25.97682,10.00373,62.7526,190.6291,33.2932,17.35167,15.94153,27.76863,23.7163,1369.93079,204.366,33.18571,54.30666,520.14471,112.40654,11.0
Aedes aegypti,MX,14.9,-92.27,0.0,1999,26.83844,12.81501,74.61306,93.81665,35.00345,17.82816,17.17529,27.80287,25.82793,2635.5166,503.78519,6.78837,88.2612,1298.54004,56.02827,150.0
Aedes aegypti,MX,20.95,-89.64,0.0,1999,25.77691,13.45787,64.57047,215.42508,36.28152,15.43938,20.84214,28.00076,23.18722,1006.5481,166.0015,23.68222,68.98785,472.20361,75.9063,12.0
Aedes aegypti,MX,14.91,-92.24,0.0,1998,26.76808,12.83535,74.35748,94.68382,34.98968,17.728,17.26168,27.75695,25.74253,2661.37988,507.65891,7.21021,87.92743,1309.75208,58.68604,177.5
Aedes aegypti,MX,20.97,-89.67,0.0,1999,25.79704,13.34852,64.41058,215.18713,36.22435,15.50024,20.72411,28.00974,23.21102,978.83051,158.58051,23.05862,68.40252,452.58441,74.31491,10.0
Aedes aegypti,MX,26.38,-99.0,0.0,1998,22.80293,12.81993,43.27801,626.64203,37.1447,7.52243,29.62227,29.79936,16.17635,550.20746,70.88768,16.08223,39.73817,185.85893,83.50559,58.5
Aedes aegypti,MX,17.01,-100.09,0.0,1999,26.42198,10.2457,70.7911,114.33819,32.82146,18.34831,14.47315,27.42886,25.2283,1152.17627,302.26859,0.76868,118.44044,747.12347,4.83284,22.5
Aedes aegypti,MX,24.8,-107.4,0.0,1998,24.92493,15.90968,60.79147,407.70038,36.45446,10.28355,26.17091,29.63037,20.56107,659.2818,179.9902,0.80532,117.68274,475.1922,7.14452,49.5
Aedes aegypti,MX,25.68,-100.37,0.0,1996,20.91639,13.40032,49.47273,516.19086,33.96899,6.88272,27.08627,26.81347,15.13841,486.25723,134.5771,11.34775,84.85086,240.41731,36.683,622.0
Aedes aegypti,MX,27.93,-110.91,0.0,2000,23.68878,15.93322,54.4018,557.45709,38.02028,8.73224,29.28804,30.49861,18.03996,318.76315,88.34682,0.83176,123.82388,247.14432,3.80516,70.5
Aedes aegypti,MX,25.47,-100.17,0.0,1996,21.31114,13.6014,48.57821,534.505,34.84474,6.84576,27.99898,27.42231,15.37037,840.7356,214.83771,18.63867,81.9681,398.72852,60.88416,489.5
Aedes aegypti,MX,25.87,-97.51,0.0,1996,22.53498,10.95654,42.02853,544.57532,34.76535,8.69607,26.06928,28.64673,16.89782,592.86969,78.42409,19.50792,40.95601,200.48566,82.12864,12.0
Aedes aegypti,MX,17.97,-94.37,0.0,1998,25.41215,9.28956,53.24122,232.1254,34.62954,17.18148,17.44806,27.76358,22.65739,2347.8042,419.50409,30.8361,64.04646,998.74359,146.60094,58.0
Aedes aegypti,MX,21.13,-86.81,0.0,1999,25.76046,9.30699,56.68961,209.01517,33.44342,17.02597,16.41745,27.93274,23.37407,1290.37061,207.45711,41.07353,51.59942,500.22699,134.94849,1.0
Aedes aegypti,MX,20.99,-89.58,0.0,1999,25.74605,13.42005,64.60361,214.56812,36.19345,15.42054,20.77291,27.95704,23.16827,1029.03918,175.6571,24.43083,69.59595,493.0177,76.18748,11.0
Aedes aegypti,MX,14.91,-92.24,0.0,1999,26.76808,12.83535,74.35748,94.68382,34.98968,17.728,17.26168,27.75695,25.74253,2661.37988,507.65891,7.21021,87.92743,1309.75208,58.68604,177.5
Aedes aegypti,MX,17.99,-92.93,0.0,1998,26.33479,11.00872,59.93321,231.35344,35.59879,17.23047,18.36832,28.63582,23.54048,2146.19727,353.18188,42.77826,55.68017,802.28345,200.86447,21.5
Aedes aegypti,MX,22.22,-97.86,0.0,1996,24.11044,9.2407,48.07197,371.53107,32.83506,13.61243,19.22263,27.95297,19.95169,1079.42358,293.38211,12.4433,92.02039,577.94061,60.21144,13.0
Aedes aegypti,MX,14.7,-92.25,0.0,1996,27.49434,12.74481,75.12633,97.63257,35.39175,18.42724,16.96451,28.39417,26.46597,1875.27173,364.73431,4.04555,89.30785,919.50519,32.5337,20.5
Aedes aegypti,MX,16.38,-94.21,0.0,1996,26.99987,13.31118,70.00078,140.9297,35.98727,16.97151,19.01576,28.23449,25.3222,1103.81079,238.6684,2.29315,104.56057,638.58911,10.30534,93.0
Aedes aegypti,MX,19.85,-90.53,0.0,1998,26.0384,13.38888,64.74879,216.48264,36.4125,15.73431,20.67819,28.25715,23.4402,1196.23743,223.6591,16.84444,83.28058,625.68927,56.24083,3.5
Aedes aegypti,MX,16.62,-98.63,0.0,1996,26.61389,12.34689,69.72073,115.5994,34.79987,17.0908,17.70907,27.63356,25.36067,1353.65637,315.27469,0.63511,114.47217,819.33386,4.73863,151.0
Aedes aegypti,MX,15.68,-93.22,0.0,1996,27.66951,12.32154,73.09314,99.08759,35.59042,18.7331,16.85732,28.75977,26.67827,2386.82031,517.27899,3.21543,100.99365,1366.91626,31.43559,37.5
Aedes aegypti,MX,27.48,-99.51,0.0,1997,22.21616,11.98354,40.05111,668.81671,36.66978,6.74916,29.92062,29.90259,14.97046,511.83008,77.80151,23.134,41.78973,170.45212,77.31565,128.0
Aedes aegypti,MX,14.9,-92.27,0.0,1996,26.83844,12.81501,74.61306,93.81665,35.00345,17.82816,17.17529,27.80287,25.82793,2635.5166,503.78519,6.78837,88.2612,1298.54004,56.02827,150.0
Aedes aegypti,MX,16.33,-98.03,0.0,1996,26.87399,12.54266,66.62464,123.77009,36.1301,17.30424,18.82586,28.03339,25.59985,1234.03223,318.9317,2.10544,116.65612,772.23999,16.75882,183.5
Aedes aegypti,MX,16.47,-94.36,0.0,1996,27.07566,13.99875,68.19891,163.40257,36.88059,16.35423,20.52636,28.57224,25.10736,1289.2218,291.65869,2.25049,106.00098,752.41602,9.95929,57.0
Aedes aegypti,MX,17.07,-96.72,0.0,1996,20.02791,16.23841,67.95385,199.9632,31.83093,7.9347,23.89623,22.09716,17.55608,674.9964,141.054,2.17156,91.27792,360.03131,19.51244,1571.0
Aedes aegypti,MX,15.86,-97.06,0.0,1996,25.93407,12.65578,69.39319,135.54234,33.81544,15.57765,18.23779,27.1111,24.46782,1043.53088,275.7583,0.5811,118.86024,689.15839,12.59388,21.5
Aedes aegypti,MX,15.14,-92.47,0.0,1996,27.47256,13.06537,72.45811,103.12072,36.04769,18.01607,18.03162,28.56547,26.30447,3013.56445,595.3761,7.91881,91.20891,1554.13037,54.57149,41.5
Aedes aegypti,MX,15.75,-96.46,0.0,1996,25.57184,13.80866,73.19313,116.77619,34.30947,15.44341,18.86606,26.58938,24.34114,1117.56702,271.6376,2.52978,111.37982,669.34564,14.88902,156.0
Aedes aegypti,MX,18.36,-99.54,0.0,1996,25.13124,15.36173,65.58272,209.65927,37.16866,13.74522,23.42344,27.65893,22.71581,948.17438,205.21271,2.4726,112.39995,601.72351,8.93686,763.0
Aedes aegypti,MX,14.97,-92.15,0.0,1996,25.60184,12.63891,74.53477,87.28814,33.76947,16.8124,16.95707,26.51902,24.66786,3445.83472,630.08838,11.36077,84.68321,1675.31311,106.89436,436.0
Aedes aegypti,MX,14.73,-92.42,0.0,1996,27.6831,12.51371,76.4261,92.54716,35.2295,18.85589,16.37361,28.43811,26.73888,2158.67334,421.85129,4.24634,90.60149,1079.56995,34.18861,7.0
Aedes aegypti,MX,14.62,-92.18,0.0,1996,27.54588,12.74762,74.81242,100.12321,35.44462,18.40518,17.03944,28.44883,26.49607,1827.4021,356.242,4.05823,88.99374,893.32721,31.29582,20.0
Aedes aegypti,MX,16.09,-93.75,0.0,1996,28.0893,11.27697,72.06747,107.73512,35.50671,19.85892,15.64779,29.24367,26.97644,1576.67834,317.22079,2.11601,101.78248,890.74554,22.01175,51.5
Aedes aegypti,MX,17.55,-99.5,0.0,1996,21.91047,14.22304,69.59335,144.13251,31.94515,11.5078,20.43735,23.34239,20.22601,922.91144,207.0117,4.13736,107.13403,572.50842,16.92862,1249.0
Aedes aegypti,MX,20.06,-97.04,0.0,1998,23.82928,10.53998,53.44851,346.66986,33.37374,13.65386,19.71988,27.39753,19.97988,1687.46436,312.20029,62.04281,50.91697,649.04462,229.07487,59.0
Aedes aegypti,MX,18.37,-95.81,0.0,1999,25.35064,9.48502,49.99567,270.52695,34.99839,16.0267,18.97169,28.11346,22.15655,1561.80322,374.76859,14.24095,94.91138,928.73602,49.96594,8.0
Aedes aegypti,MX,18.89,-96.92,0.0,1999,21.55824,12.44476,61.26161,241.29913,31.78098,11.46686,20.31412,23.96218,18.79798,1888.10999,384.04221,34.2584,92.25916,1061.95203,119.39079,828.0
Aedes aegypti,MX,20.96,-97.41,0.0,1998,23.86369,9.12082,50.39828,343.56406,32.29399,14.1965,18.09749,27.38466,20.03604,1350.00793,252.4801,27.38468,69.23115,626.39868,115.52229,11.5
Aedes aegypti,MX,19.53,-96.91,0.0,1998,17.94445,10.30659,60.94569,214.95447,26.40903,9.49792,16.91111,20.09987,15.4448,1611.31165,272.24341,50.44126,65.42316,708.02277,153.83102,1382.0
Aedes aegypti,MX,22.05,-98.18,0.0,1999,23.82044,11.5656,52.6109,389.50381,34.05317,12.06989,21.98328,27.73756,19.44244,911.8363,205.8638,12.49208,79.17654,465.15491,62.57759,10.0
Aedes aegypti,MX,19.19,-96.14,0.0,1999,24.91833,10.05398,56.51292,249.08617,33.31105,15.52046,17.79059,27.40749,22.07704,1187.59094,286.94769,8.8946,107.17607,765.40186,29.36533,13.0
Aedes aegypti,MX,20.55,-97.47,0.0,1999,24.14441,10.68458,53.43056,346.69519,33.68592,13.68878,19.99714,27.69164,20.20249,1195.66565,228.8168,37.00081,56.66729,486.7171,146.34142,49.0
Aedes aegypti,MX,19.19,-96.14,0.0,1998,24.91833,10.05398,56.51292,249.08617,33.31105,15.52046,17.79059,27.40749,22.07704,1187.59094,286.94769,8.8946,107.17607,765.40186,29.36533,13.0
Aedes aegypti,MX,20.96,-97.41,0.0,1999,23.86369,9.12082,50.39828,343.56406,32.29399,14.1965,18.09749,27.38466,20.03604,1350.00793,252.4801,27.38468,69.23115,626.39868,115.52229,11.5
Aedes aegypti,MX,18.45,-95.22,0.0,1999,23.39004,8.95333,50.94042,245.02483,32.55782,14.98174,17.57608,25.98694,20.51449,1835.71497,359.99951,17.96085,80.57008,958.10138,73.39316,301.0
Aedes aegypti,MX,19.53,-96.91,0.0,1999,17.94445,10.30659,60.94569,214.95447,26.40903,9.49792,16.91111,20.09987,15.4448,1611.31165,272.24341,50.44126,65.42316,708.02277,153.83102,1382.0
Aedes aegypti,MX,20.55,-97.47,0.0,1998,24.14441,10.68458,53.43056,346.69519,33.68592,13.68878,19.99714,27.69164,20.20249,1195.66565,228.8168,37.00081,56.66729,486.7171,146.34142,49.0
Aedes aegypti,MX,18.37,-95.81,0.0,1998,25.35064,9.48502,49.99567,270.52695,34.99839,16.0267,18.97169,28.11346,22.15655,1561.80322,374.76859,14.24095,94.91138,928.73602,49.96594,8.0
Aedes aegypti,MX,20.06,-97.04,0.0,1999,23.82928,10.53998,53.44851,346.66986,33.37374,13.65386,19.71988,27.39753,19.97988,1687.46436,312.20029,62.04281,50.91697,649.04462,229.07487,59.0
Aedes aegypti,MX,18.45,-95.22,0.0,1998,23.39004,8.95333,50.94042,245.02483,32.55782,14.98174,17.57608,25.98694,20.51449,1835.71497,359.99951,17.96085,80.57008,958.10138,73.39316,301.0
Aedes aegypti,MX,19.24,-103.73,0.0,1999,24.90954,15.98393,70.13632,163.38,35.60831,12.81851,22.7898,26.5599,23.16605,812.60345,188.3694,0.6568,114.57903,559.00482,5.05278,477.0
Aedes aegypti,MX,15.13,-92.47,0.0,1994,27.48806,13.05303,72.52321,102.87296,36.04199,18.04357,17.99842,28.57462,26.32437,2995.11743,591.46118,7.76462,91.21648,1543.55981,53.8499,34.5
Aedes aegypti,MX,18.5,-88.29,0.0,2005,25.99162,9.96953,62.74517,189.87279,33.28535,17.39643,15.88892,27.77349,23.73809,1374.31909,203.7771,33.47837,54.12828,520.04578,112.95146,4.0
Aedes aegypti,MX,18.63,-95.52,0.0,2005,24.86131,9.60081,52.37588,259.32806,33.95058,15.61999,18.33059,27.54859,21.84845,1711.1875,420.11121,17.39316,86.12591,892.68591,65.22831,8.0
Aedes aegypti,MX,14.9,-92.27,0.0,2003,26.83844,12.81501,74.61306,93.81665,35.00345,17.82816,17.17529,27.80287,25.82793,2635.5166,503.78519,6.78837,88.2612,1298.54004,56.02827,150.0
Aedes aegypti,MX,14.98,-92.17,0.0,2005,25.38204,12.63101,75.05582,85.47812,33.48866,16.65984,16.82882,26.26637,24.47157,3563.01611,649.80908,11.9575,84.49795,1730.8783,114.06046,445.0
Aedes aegypti,MX,14.62,-92.19,0.0,2005,27.5525,12.75015,74.85625,99.96482,35.44678,18.41394,17.03284,28.45205,26.50582,1820.58728,354.93201,3.95316,89.04729,890.03241,31.06705,19.0
Aedes aegypti,MX,16.32,-95.23,0.0,2002,27.32564,11.24188,65.04282,152.05147,35.58672,18.3029,17.28382,28.68223,25.56034,815.33093,195.2847,0.99353,115.99909,515.94452,7.77012,35.0
Aedes aegypti,MX,14.9,-92.27,0.0,2005,26.83844,12.81501,74.61306,93.81665,35.00345,17.82816,17.17529,27.80287,25.82793,2635.5166,503.78519,6.78837,88.2612,1298.54004,56.02827,150.0
Aedes aegypti,MX,26.08,-98.29,0.0,1995,22.75673,12.2951,43.80045,588.50018,36.31527,8.24457,28.0707,29.33109,16.4463,536.93475,92.46614,13.2975,49.21867,197.94859,80.82637,48.0
Aedes aegypti,MX,20.86,-90.4,0.0,2007,26.01759,11.63406,63.06681,208.02769,34.98405,16.53686,18.44719,27.97107,23.60695,775.13562,146.4675,6.1244,85.0791,402.23972,34.83667,0.0
Aedes aegypti,MX,18.63,-99.16,0.0,2008,23.8045,16.70482,65.86159,226.4379,36.26807,10.90454,25.36353,26.33042,21.07622,816.80365,190.33501,2.6004,111.21033,516.51221,8.23322,912.0
Aedes aegypti,MX,14.91,-92.26,0.0,2010,26.70785,12.8144,74.5582,93.04837,34.89838,17.71127,17.18711,27.67256,25.70766,2721.46143,518.00043,7.19542,87.89904,1338.91077,60.36508,181.0
Aedes aegypti,MX,18.61,-99.18,0.0,2008,23.96865,16.74022,65.65548,228.49709,36.49414,10.99707,25.49707,26.52027,21.21559,819.12225,192.0201,2.44359,111.45531,520.2442,7.9554,896.0
Aedes aegypti,MX,14.89,-92.48,0.0,2009,27.68246,12.45587,76.40211,93.21806,35.18747,18.88442,16.30305,28.4381,26.69062,2484.19482,487.02429,4.90589,91.16918,1258.46887,39.39199,19.0
Aedes aegypti,MX,14.91,-92.26,0.0,2008,26.70785,12.8144,74.5582,93.04837,34.89838,17.71127,17.18711,27.67256,25.70766,2721.46143,518.00043,7.19542,87.89904,1338.91077,60.36508,181.0
Aedes aegypti,MX,18.81,-98.96,0.0,2008,21.55743,14.85387,67.12334,191.36986,32.77809,10.64887,22.12922,23.78986,19.34233,870.28125,187.28729,3.77891,108.09776,531.0578,13.00099,1291.0
Aedes aegypti,MX,20.97,-89.63,0.0,2007,25.77893,13.42912,64.56843,215.05678,36.24815,15.44987,20.79828,27.99419,23.19424,1005.61945,166.5482,23.70719,68.9744,473.24081,75.44838,12.0
Aedes aegypti,MX,25.61,-100.28,0.0,2009,21.06335,13.38651,48.94042,523.00159,34.24292,6.89025,27.35267,27.04639,15.23458,632.63367,168.74631,13.96524,83.72173,308.93488,45.97434,582.0
Aedes aegypti,MX,18.14,-94.42,0.0,2009,25.62555,8.96815,53.02164,228.20238,34.42439,17.51026,16.91413,27.90955,22.93697,2182.99268,397.8277,25.79365,65.91393,918.30121,124.72918,9.0
Aedes aegypti,MX,22.04,-98.2,0.0,2007,23.88663,11.53342,52.47338,389.82977,34.15286,12.17329,21.97957,27.79926,19.49181,908.55939,202.4539,12.67149,78.52339,462.095,62.85018,3.0
Aedes aegypti,MX,26.5,-100.18,0.0,2009,21.88233,13.7418,45.98455,614.51642,36.53402,6.6505,29.88352,28.9636,15.07349,515.7428,112.6648,15.64585,65.21177,235.10451,50.24523,307.0
Aedes aegypti,MX,16.88,-99.86,0.0,2009,25.98235,10.87644,70.26077,113.75561,32.89869,17.41858,15.48011,26.98219,24.80128,1236.33728,293.84219,0.99591,118.3399,823.36456,7.37209,223.5
Aedes aegypti,MX,25.95,-100.17,0.0,2009,21.90637,13.42262,47.14168,574.51947,35.5135,7.04057,28.47293,28.45536,15.49584,523.39136,114.337,15.59919,64.08088,235.6964,55.86366,390.0
Aedes aegypti,MX,25.73,-100.31,0.0,2009,21.43175,13.5085,48.53367,540.42786,34.81589,6.98263,27.83327,27.61674,15.39602,535.86853,138.0795,13.31557,77.85368,254.46921,46.00187,521.0
Aedes aegypti,MX,18.01,-94.63,0.0,2009,25.67459,9.5617,51.5793,251.40245,35.52914,16.99128,18.53786,28.28483,22.65623,2152.01074,376.20389,26.75811,70.3611,998.94891,102.7183,44.5
Aedes aegypti,MX,20.57,-97.43,0.0,2009,24.13627,10.38896,53.00799,345.81522,33.42199,13.82314,19.59885,27.66755,20.21008,1198.36951,235.2179,35.97955,57.73857,489.81818,145.30807,55.0
Aedes aegypti,MX,22.04,-98.2,0.0,2009,23.88663,11.53342,52.47338,389.82977,34.15286,12.17329,21.97957,27.79926,19.49181,908.55939,202.4539,12.67149,78.52339,462.095,62.85018,3.0
Aedes aegypti,MX,18.34,-99.54,0.0,2009,25.35813,15.312,65.69405,208.3421,37.33061,14.02257,23.30804,27.87652,22.95786,913.04297,198.31,2.36057,112.15122,577.37561,8.53707,737.0
Aedes aegypti,MX,19.17,-96.22,0.0,2007,24.9831,10.50871,57.11889,247.30096,33.8361,15.43815,18.39795,27.47284,22.13839,1137.4447,289.0643,8.19694,109.36861,737.71008,28.49287,38.5
Aedes aegypti,MX,20.96,-89.59,0.0,2009,25.74813,13.49466,64.67183,215.01476,36.26438,15.39801,20.86637,27.97037,23.16384,1030.84021,175.50481,24.38586,69.60473,492.42203,76.8203,11.5
Aedes aegypti,MX,20.07,-97.04,0.0,2009,23.80812,10.51019,53.37553,347.09366,33.33512,13.64409,19.69103,27.37973,19.95499,1687.62903,312.72321,62.09533,50.97412,648.34552,229.39517,57.0
Aedes aegypti,MX,20.07,-97.04,0.0,2007,23.80812,10.51019,53.37553,347.09366,33.33512,13.64409,19.69103,27.37973,19.95499,1687.62903,312.72321,62.09533,50.97412,648.34552,229.39517,57.0
Aedes aegypti,MX,21.34,-98.22,0.0,2009,23.7419,11.05078,50.71098,391.14926,34.42302,12.63132,21.7917,27.74281,19.14395,1225.42065,258.24411,30.61545,68.44732,578.02771,114.4423,146.0
Aedes aegypti,MX,19.17,-96.22,0.0,2009,24.9831,10.50871,57.11889,247.30096,33.8361,15.43815,18.39795,27.47284,22.13839,1137.4447,289.0643,8.19694,109.36861,737.71008,28.49287,38.5
Aedes aegypti,MX,17.03,-96.73,0.0,2002,20.2256,16.37448,68.22889,200.09412,32.04593,8.04659,23.99934,22.28388,17.74954,679.58838,143.25861,1.97462,91.55547,364.16479,19.42542,1537.5
Aedes aegypti,MX,15.87,-97.07,0.0,2002,25.64694,12.7808,69.86024,131.94928,33.59604,15.30123,18.29481,26.79054,24.21908,1047.37634,271.6492,0.58646,117.89096,686.84888,13.07806,88.0
Aedes aegypti,MX,17.0,-96.72,0.0,2002,20.39026,16.43622,68.31915,200.56703,32.24624,8.18824,24.058,22.44923,17.9073,680.55054,144.2054,1.89463,91.5722,365.96051,19.9361,1523.0
Aedes aegypti,MX,17.18,-96.77,0.0,2002,19.24729,15.3669,67.87206,188.39371,30.5109,7.86992,22.64099,21.26331,16.93848,689.02539,141.39931,2.4606,91.62772,370.62329,20.72697,1676.0
Aedes aegypti,MX,17.07,-96.7,0.0,2002,20.05629,16.20813,67.7567,201.12578,31.89276,7.97169,23.92107,22.13832,17.57037,670.61353,139.8927,2.26901,90.88645,356.98029,20.2898,1561.0
Aedes aegypti,MX,19.69,-103.48,0.0,2010,19.02164,16.13505,63.29301,228.13536,31.66993,6.17731,25.49262,21.44444,16.3921,757.71362,154.9528,1.74709,98.11011,446.7366,11.38231,1523.0
Aedes aegypti,MX,19.73,-103.45,0.0,2010,18.05524,15.65164,63.48556,219.07202,30.49432,5.84046,24.65386,20.40818,15.51847,780.77045,162.13651,3.3696,97.63058,455.8255,14.28401,1520.5
Aedes aegypti,MX,19.72,-103.46,0.0,2010,18.98827,16.28333,63.09423,233.80035,31.823,6.01504,25.80796,21.47664,16.29111,739.92426,149.9679,1.74404,98.0474,435.9845,11.18209,1518.5
Aedes aegypti,MX,19.72,-103.47,0.0,2010,19.25991,16.2508,63.2977,230.94228,32.00802,6.33441,25.67361,21.70857,16.59104,735.37537,152.9034,1.73791,98.9273,433.24078,10.73817,1508.5
Aedes aegypti,MX,20.86,-90.39,0.0,2007,26.02199,11.66745,63.11687,207.79665,35.01513,16.52966,18.48547,27.97544,23.61194,773.27228,145.5022,6.22538,84.80865,400.57449,34.95852,2.5
Aedes aegypti,MX,20.97,-89.57,0.0,2011,25.7394,13.47772,64.66607,214.79161,36.23745,15.39542,20.84203,27.95868,23.15824,1033.25647,176.364,24.65638,69.58179,494.47049,77.21511,11.5
Aedes aegypti,MX,19.04,-98.21,0.0,2011,15.9813,16.73788,70.23163,199.33691,27.36862,3.53623,23.8324,17.96345,13.62147,785.96875,157.3429,3.94256,93.47838,426.73502,21.68123,2141.5
Aedes aegypti,MX,18.81,-97.18,0.0,2011,18.47704,13.46117,66.64405,204.07419,28.67991,8.4813,20.19861,20.45774,16.07068,1108.45679,208.5554,21.76557,85.72292,586.23657,67.06532,1341.5
Aedes aegypti,MX,21.04,-89.64,0.0,2012,25.8,13.24943,64.43604,213.78177,36.09061,15.52846,20.56215,27.97782,23.23433,957.15491,158.4106,23.48174,67.33315,438.9444,74.12861,6.5
Aedes aegypti,MX,19.45,-96.96,0.0,2011,19.22197,11.21272,61.17738,231.6384,28.42735,10.09914,18.32821,21.53607,16.54019,1684.8717,293.44601,49.92871,67.64856,755.08783,157.48106,1187.5
Aedes aegypti,MX,18.81,-97.27,0.0,2011,17.0438,13.89258,68.12498,184.62756,27.43243,7.03965,20.39279,18.99327,14.82014,771.25775,152.1684,10.85219,86.44781,405.41019,37.52509,1708.0
Aedes aegypti,MX,21.15,-86.88,0.0,1999,25.63353,9.54189,57.50043,207.53267,33.35835,16.76389,16.59446,27.77582,23.26128,1271.71838,204.5284,41.76776,50.70881,484.2934,134.67467,9.0
Aedes aegypti,MX,21.14,-86.88,0.0,1999,25.61289,9.55467,57.45768,208.31702,33.34665,16.7176,16.62905,27.76465,23.23139,1276.6897,205.6736,42.21042,50.7302,485.82764,135.29237,8.0
Aedes aegypti,MX,22.05,-98.19,0.0,2004,23.85151,11.5709,52.60781,389.55872,34.10147,12.10682,21.99465,27.76715,19.46905,907.2182,203.8786,12.50588,78.98029,462.68741,62.54071,16.0
Aedes aegypti,MX,20.05,-97.04,0.0,2004,23.81881,10.55723,53.50607,346.03656,33.37328,13.64237,19.73091,27.38181,19.97485,1691.41614,312.3093,62.15068,50.87641,652.00317,229.10995,70.0
Aedes aegypti,MX,18.72,-97.32,0.0,2011,17.00284,14.51708,68.32349,187.98828,27.84517,6.5976,21.24757,18.99222,14.7425,633.82971,136.3291,7.09108,86.94544,328.44562,30.46126,1745.5
Aedes aegypti,MX,18.85,-97.1,0.0,2011,18.96574,12.88584,65.2668,210.59761,28.83355,9.09022,19.74333,21.00222,16.51991,1424.22803,258.21161,29.12796,85.48648,757.09821,95.12167,1240.5
Aedes aegypti,MX,19.17,-96.13,0.0,2011,24.90127,9.99964,56.30366,249.6429,33.27804,15.51784,17.7602,27.39848,22.05272,1200.11755,287.94781,9.05787,106.98295,773.51752,29.56318,14.0
Aedes aegypti,MX,21.34,-98.23,0.0,2003,23.71794,11.06406,50.74455,390.95139,34.40537,12.60192,21.80345,27.71734,19.11817,1229.99121,258.79391,30.9563,68.3828,580.05548,114.96237,180.5
Aedes aegypti,MX,18.84,-97.14,0.0,2011,19.1648,13.22795,65.57266,212.90553,29.26025,9.08728,20.17297,21.22867,16.68111,1346.49365,245.9841,27.30062,85.61119,713.74371,88.5256,1248.0
Aedes aegypti,MX,20.54,-97.47,0.0,2004,24.28873,10.77588,53.50629,347.9657,33.90759,13.76812,20.13947,27.85245,20.32887,1177.07019,225.3727,36.77299,56.26271,474.36841,145.58443,52.0
Aedes aegypti,MX,17.95,-94.91,0.0,2003,25.59825,9.83278,49.70541,264.57593,36.29066,16.50855,19.78211,28.49172,22.37547,1745.66089,306.89801,21.57688,77.55667,898.5495,80.6237,104.0
Aedes aegypti,MX,22.05,-98.19,0.0,2003,23.85151,11.5709,52.60781,389.55872,34.10147,12.10682,21.99465,27.76715,19.46905,907.2182,203.8786,12.50588,78.98029,462.68741,62.54071,16.0
Aedes aegypti,MX,19.54,-96.93,0.0,2011,17.46087,10.20844,61.58448,208.39217,25.71998,9.14367,16.57631,19.55102,15.03537,1607.27344,278.4519,49.27473,66.50056,724.10577,148.1497,1443.5
Aedes aegypti,MX,18.88,-96.92,0.0,2011,21.516,12.4426,61.29485,240.92555,31.73014,11.43055,20.29959,23.91473,18.75898,1883.65405,382.40479,34.15981,92.27825,1060.19971,119.44251,813.0
Aedes aegypti,MX,19.83,-90.53,0.0,1998,25.98652,13.40842,64.58861,217.1915,36.4248,15.66507,20.75973,28.21876,23.38027,1203.90015,224.9231,16.97116,83.33275,630.06543,56.56129,5.0
Aedes aegypti,MX,21.34,-98.23,0.0,2004,23.71794,11.06406,50.74455,390.95139,34.40537,12.60192,21.80345,27.71734,19.11817,1229.99121,258.79391,30.9563,68.3828,580.05548,114.96237,180.5
Aedes aegypti,MX,18.65,-91.83,0.0,1998,26.49655,10.42157,59.51238,207.94203,35.32925,17.81765,17.5116,28.57144,23.96794,1535.55261,271.13589,24.59049,69.1753,632.59058,107.7396,5.0
Aedes aegypti,MX,17.98,-94.54,0.0,2003,25.83916,9.60292,52.24751,247.13858,35.56224,17.18257,18.37967,28.37583,22.88798,2316.02051,412.60529,28.90748,68.84151,1047.48438,115.91624,13.5
Aedes aegypti,MX,20.54,-97.47,0.0,2003,24.28873,10.77588,53.50629,347.9657,33.90759,13.76812,20.13947,27.85245,20.32887,1177.07019,225.3727,36.77299,56.26271,474.36841,145.58443,52.0
Aedes aegypti,MX,20.05,-97.04,0.0,2003,23.81881,10.55723,53.50607,346.03656,33.37328,13.64237,19.73091,27.38181,19.97485,1691.41614,312.3093,62.15068,50.87641,652.00317,229.10995,70.0
Aedes aegypti,MX,19.44,-96.41,0.0,2003,25.09482,11.58197,60.53276,243.78644,34.25649,15.1231,19.13339,27.49578,22.30321,1056.47314,274.73431,7.51051,110.02889,678.86621,32.26136,27.0
Aedes aegypti,MX,17.95,-94.91,0.0,2004,25.59825,9.83278,49.70541,264.57593,36.29066,16.50855,19.78211,28.49172,22.37547,1745.66089,306.89801,21.57688,77.55667,898.5495,80.6237,104.0
Aedes aegypti,MX,17.98,-94.54,0.0,2004,25.83916,9.60292,52.24751,247.13858,35.56224,17.18257,18.37967,28.37583,22.88798,2316.02051,412.60529,28.90748,68.84151,1047.48438,115.91624,13.5
Aedes aegypti,MX,18.9,-98.45,0.0,2011,18.28046,15.63867,71.42322,173.39598,29.09645,7.20068,21.89577,20.05872,16.1773,823.75793,176.19279,2.71377,99.60188,482.66968,17.62283,1859.0
Aedes aegypti,MX,19.44,-96.41,0.0,2004,25.09482,11.58197,60.53276,243.78644,34.25649,15.1231,19.13339,27.49578,22.30321,1056.47314,274.73431,7.51051,110.02889,678.86621,32.26136,27.0
Aedes aegypti,MX,25.87,-97.5,0.0,1996,22.53697,10.92459,41.9994,543.52631,34.7394,8.72809,26.0113,28.6375,16.91184,594.66418,78.95726,19.71992,40.85619,201.23782,82.28221,14.0
Aedes aegypti,MX,18.51,-88.3,0.0,1999,25.97682,10.00373,62.7526,190.6291,33.2932,17.35167,15.94153,27.76863,23.7163,1369.93079,204.366,33.18571,54.30666,520.14471,112.40654,11.0
Aedes aegypti,MX,20.96,-97.41,0.0,1996,23.86369,9.12082,50.39828,343.56406,32.29399,14.1965,18.09749,27.38466,20.03604,1350.00793,252.4801,27.38468,69.23115,626.39868,115.52229,11.5
Aedes aegypti,MX,25.68,-100.37,0.0,1996,20.91639,13.40032,49.47273,516.19086,33.96899,6.88272,27.08627,26.81347,15.13841,486.25723,134.5771,11.34775,84.85086,240.41731,36.683,622.0
Aedes aegypti,MX,20.95,-89.64,0.0,1999,25.77691,13.45787,64.57047,215.42508,36.28152,15.43938,20.84214,28.00076,23.18722,1006.5481,166.0015,23.68222,68.98785,472.20361,75.9063,12.0
Aedes aegypti,MX,26.39,-99.06,0.0,1998,22.85076,12.95247,43.47457,627.27832,37.31868,7.52546,29.79321,29.84944,16.19792,544.95923,70.8975,15.53337,38.79117,184.6451,84.79176,62.5
Aedes aegypti,MX,17.99,-94.35,0.0,1998,25.22941,9.20271,53.51257,228.35864,34.32017,17.12288,17.19729,27.53953,22.51999,2322.04614,413.95889,30.41589,63.35996,976.21429,149.27449,66.0
Aedes aegypti,MX,18.0,-94.63,0.0,2003,25.66978,9.56893,51.54474,251.66312,35.54444,16.98012,18.56432,28.28493,22.64723,2160.24097,377.4151,26.97574,70.37841,1004.29907,103.46649,43.5
Aedes aegypti,MX,25.5,-100.08,0.0,1996,21.75405,13.71421,47.62505,559.53589,35.72982,6.93361,28.79621,28.15335,15.53207,791.88806,188.2852,20.25228,73.70111,349.67593,69.04104,394.0
Aedes aegypti,MX,18.0,-92.9,0.0,1998,26.36774,10.9291,59.83743,230.98994,35.58734,17.32269,18.26465,28.67323,23.58439,2117.29419,350.10681,42.74973,55.4767,793.32123,200.28267,7.5
Aedes aegypti,MX,18.5,-88.3,0.0,1999,25.97977,10.00039,62.77301,190.22107,33.29443,17.36339,15.93104,27.7663,23.72323,1371.98401,204.1147,33.29202,54.24913,520.7923,112.56574,4.5
Aedes aegypti,MX,23.67,-99.25,0.0,1996,18.99089,14.61456,62.10439,336.5354,30.20129,6.66904,23.53225,22.5111,15.15698,498.34323,93.17319,7.72938,66.99766,226.10236,34.6157,1396.0
Aedes aegypti,MX,25.67,-100.3,0.0,1996,21.33554,13.47901,48.63799,534.9491,34.68302,6.97011,27.71291,27.45995,15.36771,585.48059,152.75031,13.78904,80.25669,280.33704,46.95824,527.0
Aedes aegypti,MX,20.95,-89.64,0.0,1999,25.77691,13.45787,64.57047,215.42508,36.28152,15.43938,20.84214,28.00076,23.18722,1006.5481,166.0015,23.68222,68.98785,472.20361,75.9063,12.0
Aedes aegypti,MX,17.98,-94.54,0.0,1996,25.83916,9.60292,52.24751,247.13858,35.56224,17.18257,18.37967,28.37583,22.88798,2316.02051,412.60529,28.90748,68.84151,1047.48438,115.91624,13.5
Aedes aegypti,MX,22.29,-97.88,0.0,1996,24.05468,9.27685,48.06657,372.97302,32.84472,13.54472,19.3,27.92789,19.88891,1073.29858,298.62119,12.40876,94.24139,582.77698,58.93296,32.0
Aedes aegypti,MX,25.69,-100.32,0.0,2008,21.25977,13.46806,48.81305,531.78033,34.54166,6.95055,27.59111,27.34439,15.32039,549.60138,145.1252,13.05984,80.84973,264.97284,44.16414,545.0
Aedes aegypti,MX,20.93,-89.6,0.0,2009,25.74972,13.5831,64.73512,215.74207,36.35247,15.36988,20.98259,27.98879,23.1559,1028.99695,173.02921,24.4666,69.36792,487.1716,78.25019,11.0
Aedes aegypti,MX,15.37,-92.25,0.0,2008,21.49074,12.66571,74.27852,100.46309,29.83172,12.78008,17.05164,22.51589,20.23432,3089.76978,572.11963,22.15884,82.84048,1450.59961,127.57554,1309.5
Aedes aegypti,MX,14.86,-92.45,0.0,2008,27.65149,12.45161,76.43726,93.13042,35.16252,18.87255,16.28997,28.41427,26.66309,2409.89063,471.61151,4.82097,90.87933,1214.08533,38.74049,20.0
Aedes aegypti,MX,20.97,-89.63,0.0,2008,25.77893,13.42912,64.56843,215.05678,36.24815,15.44987,20.79828,27.99419,23.19424,1005.61945,166.5482,23.70719,68.9744,473.24081,75.44838,12.0
Aedes aegypti,MX,18.0,-94.64,0.0,2008,25.66987,9.57239,51.48006,252.26163,35.56448,16.97011,18.59437,28.29459,22.63818,2146.70142,374.51682,26.78171,70.52267,1000.75061,102.65113,52.0
Aedes aegypti,MX,20.87,-89.65,0.0,2009,25.75353,13.65376,64.66366,217.48853,36.45981,15.34476,21.11505,28.02391,23.13811,1022.6062,167.93941,24.26532,69.10422,481.88541,80.1333,12.0
Aedes aegypti,MX,18.14,-94.43,0.0,2008,25.62934,8.9859,52.97256,228.95923,34.45659,17.49328,16.96331,27.92282,22.93097,2179.42236,396.76559,25.71549,66.0714,919.8468,123.35075,11.0
Aedes aegypti,MX,20.97,-89.63,0.0,2010,25.77893,13.42912,64.56843,215.05678,36.24815,15.44987,20.79828,27.99419,23.19424,1005.61945,166.5482,23.70719,68.9744,473.24081,75.44838,12.0
Aedes aegypti,MX,21.01,-89.63,0.0,2007,25.78945,13.32235,64.49548,214.2442,36.15049,15.49423,20.65626,27.98199,23.21656,981.65649,162.57719,23.61742,68.15784,457.06039,74.58099,10.0
Aedes aegypti,MX,21.03,-89.56,0.0,2009,25.71939,13.26289,64.41911,213.91754,36.0387,15.45026,20.58844,27.91455,23.1525,998.76367,166.41859,25.00173,68.02963,467.79767,77.50822,9.5
Aedes aegypti,MX,20.97,-89.63,0.0,2009,25.77893,13.42912,64.56843,215.05678,36.24815,15.44987,20.79828,27.99419,23.19424,1005.61945,166.5482,23.70719,68.9744,473.24081,75.44838,12.0
Aedes aegypti,MX,15.69,-93.21,0.0,2008,27.62984,12.34897,72.95102,100.13005,35.58791,18.66016,16.92775,28.7366,26.61431,2382.82422,516.95093,3.22137,101.01215,1365.01453,31.51195,47.5
Aedes aegypti,MX,18.53,-88.3,0.0,2008,25.95403,10.04644,62.86136,190.6205,33.28975,17.30785,15.9819,27.74537,23.69541,1363.69104,203.4458,33.01101,54.38017,517.71942,111.947,8.5
Aedes aegypti,MX,14.85,-92.32,0.0,2006,27.32924,12.7121,75.22221,95.08599,35.25347,18.35408,16.89939,28.23366,26.30724,2342.89722,454.20059,5.37053,89.57434,1161.7749,42.36315,67.0
Aedes aegypti,MX,20.97,-89.68,0.0,1999,25.79942,13.32736,64.36905,215.20844,36.21613,15.51152,20.70461,28.01167,23.21327,973.51807,158.48109,22.92128,68.31894,449.7988,74.04054,9.0
Aedes aegypti,MX,25.29,-100.01,0.0,2009,21.45392,13.86365,48.64197,542.19476,35.34477,6.84335,28.50142,27.62563,15.38018,837.78839,208.82159,20.7952,76.16175,371.57635,71.24648,443.0
Aedes aegypti,MX,21.35,-98.23,0.0,2008,23.75223,11.05768,50.68314,391.86926,34.44028,12.62301,21.81727,27.76004,19.14727,1220.15747,256.03159,30.13087,68.49459,574.61017,112.9521,152.5
Aedes aegypti,MX,18.5,-88.3,0.0,2008,25.97977,10.00039,62.77301,190.22107,33.29443,17.36339,15.93104,27.7663,23.72323,1371.98401,204.1147,33.29202,54.24913,520.7923,112.56574,4.5
Aedes aegypti,MX,20.92,-89.63,0.0,2007,25.76385,13.55675,64.65202,216.13989,36.3611,15.39231,20.96879,28.00662,23.16491,1018.64044,168.414,24.04493,69.16309,477.78009,77.7368,13.0
Aedes aegypti,MX,15.43,-92.9,0.0,2008,27.21288,12.88599,74.43877,96.75787,35.37564,18.06478,17.31086,28.18447,26.13777,2906.35229,594.85742,6.24832,97.72392,1637.59985,46.03889,41.5
Aedes aegypti,MX,20.53,-97.46,0.0,2008,24.22735,10.75674,53.48909,347.58069,33.83784,13.72768,20.11016,27.78899,20.2706,1185.6217,226.786,37.46267,55.90529,475.46298,148.27222,58.5
Aedes aegypti,MX,15.43,-92.9,0.0,2006,27.21288,12.88599,74.43877,96.75787,35.37564,18.06478,17.31086,28.18447,26.13777,2906.35229,594.85742,6.24832,97.72392,1637.59985,46.03889,41.5
Aedes aegypti,MX,15.02,-92.38,0.0,2008,27.3205,12.84385,73.7965,98.44663,35.55588,18.15146,17.40442,28.31694,26.223,2731.09937,535.33191,6.39939,90.34898,1373.33716,49.43317,69.5
Aedes aegypti,MX,15.32,-92.66,0.0,2008,27.22564,13.11571,73.34684,102.11946,35.63824,17.75648,17.88176,28.24112,26.05168,3157.05664,640.1864,8.79052,93.3619,1689.86255,58.01032,77.0
Aedes aegypti,MX,20.92,-89.63,0.0,1999,25.76385,13.55675,64.65202,216.13989,36.3611,15.39231,20.96879,28.00662,23.16491,1018.64044,168.414,24.04493,69.16309,477.78009,77.7368,13.0
Aedes aegypti,MX,15.69,-93.21,0.0,2006,27.62984,12.34897,72.95102,100.13005,35.58791,18.66016,16.92775,28.7366,26.61431,2382.82422,516.95093,3.22137,101.01215,1365.01453,31.51195,47.5
Aedes aegypti,MX,18.55,-88.26,0.0,2007,25.93493,10.01736,63.02469,188.52553,33.23291,17.33857,15.89434,27.69802,23.69893,1362.97388,199.9342,33.62371,53.99472,510.70859,112.87962,13.5
Aedes aegypti,MX,17.96,-102.19,0.0,1999,27.02677,10.14523,67.92622,135.29237,33.31238,18.37672,14.93566,28.30937,25.41457,1083.58179,325.31641,0.14408,118.63593,749.86023,2.05503,7.5
Aedes aegypti,MX,20.06,-97.05,0.0,2008,23.83775,10.55724,53.45253,347.08597,33.40712,13.65643,19.75069,27.41351,19.98211,1687.37317,311.79199,61.94425,50.92318,650.40918,228.87906,68.0
Aedes aegypti,MX,14.85,-92.32,0.0,2008,27.32924,12.7121,75.22221,95.08599,35.25347,18.35408,16.89939,28.23366,26.30724,2342.89722,454.20059,5.37053,89.57434,1161.7749,42.36315,67.0
Aedes aegypti,MX,15.14,-92.47,0.0,2006,27.47256,13.06537,72.45811,103.12072,36.04769,18.01607,18.03162,28.56547,26.30447,3013.56445,595.3761,7.91881,91.20891,1554.13037,54.57149,41.5
Aedes aegypti,MX,15.37,-92.25,0.0,2006,21.49074,12.66571,74.27852,100.46309,29.83172,12.78008,17.05164,22.51589,20.23432,3089.76978,572.11963,22.15884,82.84048,1450.59961,127.57554,1309.5
Aedes aegypti,MX,18.54,-88.3,0.0,2007,25.92878,10.08136,62.97365,190.28127,33.28026,17.27141,16.00885,27.71578,23.67508,1359.83325,202.5954,32.93874,54.40257,516.09668,111.70358,13.0
Aedes aegypti,MX,17.99,-94.35,0.0,1999,25.22941,9.20271,53.51257,228.35864,34.32017,17.12288,17.19729,27.53953,22.51999,2322.04614,413.95889,30.41589,63.35996,976.21429,149.27449,66.0
Aedes aegypti,MX,14.86,-92.45,0.0,2006,27.65149,12.45161,76.43726,93.13042,35.16252,18.87255,16.28997,28.41427,26.66309,2409.89063,471.61151,4.82097,90.87933,1214.08533,38.74049,20.0
Aedes aegypti,MX,14.85,-92.32,0.0,1998,27.32924,12.7121,75.22221,95.08599,35.25347,18.35408,16.89939,28.23366,26.30724,2342.89722,454.20059,5.37053,89.57434,1161.7749,42.36315,67.0
Aedes aegypti,MX,15.14,-92.47,0.0,2008,27.47256,13.06537,72.45811,103.12072,36.04769,18.01607,18.03162,28.56547,26.30447,3013.56445,595.3761,7.91881,91.20891,1554.13037,54.57149,41.5
Aedes aegypti,MX,25.58,-108.46,0.0,2008,24.7453,15.28603,58.2163,454.33566,36.57972,10.32241,26.25731,29.9304,19.84115,516.02032,133.6573,0.31011,111.43104,359.79361,7.30834,20.0
Aedes aegypti,MX,24.81,-107.38,0.0,1998,24.96405,15.96399,60.94173,407.45508,36.47905,10.28355,26.1955,29.66569,20.60092,672.83673,184.43829,0.81899,117.92664,486.44809,7.28508,44.0
Aedes aegypti,MX,18.52,-88.34,0.0,2007,25.856,10.2684,63.3736,189.77115,33.31948,17.11652,16.20296,27.63674,23.61205,1346.48193,201.4182,32.055,54.86951,518.31049,109.52915,10.0
Aedes aegypti,MX,23.25,-106.41,0.0,1999,24.76429,12.95109,55.79211,400.36548,34.68513,11.47201,23.21312,29.10329,20.28362,708.82385,197.92039,0.57691,117.20352,507.8035,5.36708,9.0
Aedes aegypti,MX,17.67,-101.6,0.0,1999,26.36281,11.00108,69.27757,129.0722,33.24824,17.36853,15.87971,27.56353,24.83795,1040.35889,326.02509,0.2174,120.32979,683.29688,6.2186,16.0
Aedes aegypti,MX,21.01,-89.63,0.0,1999,25.78945,13.32235,64.49548,214.2442,36.15049,15.49423,20.65626,27.98199,23.21656,981.65649,162.57719,23.61742,68.15784,457.06039,74.58099,10.0
Aedes aegypti,MX,18.5,-88.3,0.0,1999,25.97977,10.00039,62.77301,190.22107,33.29443,17.36339,15.93104,27.7663,23.72323,1371.98401,204.1147,33.29202,54.24913,520.7923,112.56574,4.5
Aedes aegypti,MX,15.32,-92.66,0.0,2006,27.22564,13.11571,73.34684,102.11946,35.63824,17.75648,17.88176,28.24112,26.05168,3157.05664,640.1864,8.79052,93.3619,1689.86255,58.01032,77.0
Aedes aegypti,MX,20.97,-89.58,0.0,1999,25.74548,13.47382,64.65757,214.83958,36.241,15.40227,20.83873,27.96428,23.16368,1032.90369,176.5574,24.48134,69.67329,494.73929,76.73849,11.5
Aedes aegypti,MX,21.16,-86.85,0.0,1999,25.74224,9.39584,57.09505,207.53581,33.44115,16.98466,16.45649,27.89223,23.37153,1276.17908,204.94141,40.62736,51.41441,493.18384,133.73639,12.0
Aedes aegypti,MX,25.56,-108.47,0.0,2008,24.74135,15.18528,57.97658,454.84351,36.56168,10.36958,26.1921,29.95172,19.83336,509.31091,130.9375,0.2868,110.93571,353.35712,7.2301,19.0
Aedes aegypti,MX,17.01,-100.09,0.0,1999,26.42198,10.2457,70.7911,114.33819,32.82146,18.34831,14.47315,27.42886,25.2283,1152.17627,302.26859,0.76868,118.44044,747.12347,4.83284,22.5
Aedes aegypti,MX,25.55,-108.46,0.0,2008,24.72672,15.16384,57.9539,454.53662,36.52799,10.36264,26.16535,29.92864,19.82003,509.52612,130.9893,0.28713,110.90389,353.22391,7.1874,15.0
Aedes aegypti,MX,20.97,-89.63,0.0,1999,25.77893,13.42912,64.56843,215.05678,36.24815,15.44987,20.79828,27.99419,23.19424,1005.61945,166.5482,23.70719,68.9744,473.24081,75.44838,12.0
Aedes aegypti,MX,15.87,-97.08,0.0,1999,25.73652,12.70883,69.66138,133.00917,33.64296,15.39924,18.24372,26.88716,24.29783,1048.70239,273.29221,0.56736,118.18256,689.29755,13.09032,76.0
Aedes aegypti,MX,29.07,-110.96,0.0,2000,23.55047,16.32951,52.48489,609.62976,39.09236,7.97959,31.11277,30.8822,17.17956,347.31638,93.72472,3.19002,104.13861,230.5074,14.12376,199.0
Aedes aegypti,MX,18.54,-88.3,0.0,1999,25.92878,10.08136,62.97365,190.28127,33.28026,17.27141,16.00885,27.71578,23.67508,1359.83325,202.5954,32.93874,54.40257,516.09668,111.70358,13.0
Aedes aegypti,MX,20.65,-105.23,0.0,1999,25.1416,11.86094,60.54099,266.98291,33.75962,14.16804,19.59158,28.05008,22.20816,1244.70947,326.48151,1.77252,121.9706,909.565,12.322,7.0
Aedes aegypti,MX,25.69,-100.32,0.0,1996,21.25977,13.46806,48.81305,531.78033,34.54166,6.95055,27.59111,27.34439,15.32039,549.60138,145.1252,13.05984,80.84973,264.97284,44.16414,545.0
Aedes aegypti,MX,19.17,-96.13,0.0,2008,24.90127,9.99964,56.30366,249.6429,33.27804,15.51784,17.7602,27.39848,22.05272,1200.11755,287.94781,9.05787,106.98295,773.51752,29.56318,14.0
Aedes aegypti,MX,20.97,-89.63,0.0,1999,25.77893,13.42912,64.56843,215.05678,36.24815,15.44987,20.79828,27.99419,23.19424,1005.61945,166.5482,23.70719,68.9744,473.24081,75.44838,12.0
Aedes aegypti,MX,25.58,-108.47,0.0,2008,24.75245,15.2674,58.15138,454.71872,36.59561,10.34104,26.25457,29.95216,19.84614,513.71283,132.72459,0.30248,111.28641,357.7887,7.314,18.0
Aedes aegypti,MX,27.48,-99.55,0.0,1997,22.09825,11.99037,40.09205,667.4812,36.53048,6.62338,29.9071,29.76962,14.87171,505.85184,74.90572,22.74276,41.44429,169.2565,75.76024,142.0
Aedes aegypti,MX,17.99,-92.95,0.0,1999,26.31108,11.02847,59.91493,231.68567,35.59639,17.1895,18.40689,28.61277,23.51001,2147.18896,354.3121,42.98789,55.71207,803.82928,199.95905,20.5
Aedes aegypti,MX,19.83,-90.53,0.0,1998,25.98652,13.40842,64.58861,217.1915,36.4248,15.66507,20.75973,28.21876,23.38027,1203.90015,224.9231,16.97116,83.33275,630.06543,56.56129,5.0
Aedes aegypti,MX,26.4,-99.03,0.0,1998,22.85488,12.86553,43.2821,628.48785,37.26466,7.53984,29.72482,29.87044,16.19985,548.08655,71.15109,15.62942,38.86469,186.23109,85.49665,61.0
Aedes aegypti,MX,25.59,-108.46,0.0,2008,24.75057,15.32829,58.30797,454.20511,36.59566,10.30716,26.2885,29.92785,19.84771,518.03198,134.5148,0.31811,111.61205,361.87741,7.34352,21.0
Aedes aegypti,MX,25.58,-108.47,0.0,2009,24.75245,15.2674,58.15138,454.71872,36.59561,10.34104,26.25457,29.95216,19.84614,513.71283,132.72459,0.30248,111.28641,357.7887,7.314,18.0
Aedes aegypti,MX,25.58,-108.46,0.0,2009,24.7453,15.28603,58.2163,454.33566,36.57972,10.32241,26.25731,29.9304,19.84115,516.02032,133.6573,0.31011,111.43104,359.79361,7.30834,20.0
Aedes aegypti,MX,25.57,-108.47,0.0,2008,24.74549,15.22637,58.06526,454.77362,36.57722,10.35436,26.22286,29.9508,19.8385,511.72006,131.88319,0.29483,111.11073,355.72318,7.27854,18.0
Aedes aegypti,MX,15.02,-92.38,0.0,2006,27.3205,12.84385,73.7965,98.44663,35.55588,18.15146,17.40442,28.31694,26.223,2731.09937,535.33191,6.39939,90.34898,1373.33716,49.43317,69.5
Aedes aegypti,MX,25.55,-108.46,0.0,2009,24.72672,15.16384,57.9539,454.53662,36.52799,10.36264,26.16535,29.92864,19.82003,509.52612,130.9893,0.28713,110.90389,353.22391,7.1874,15.0
Aedes aegypti,MX,22.05,-98.18,0.0,2009,23.82044,11.5656,52.6109,389.50381,34.05317,12.06989,21.98328,27.73756,19.44244,911.8363,205.8638,12.49208,79.17654,465.15491,62.57759,10.0
Aedes aegypti,MX,17.99,-92.95,0.0,1998,26.31108,11.02847,59.91493,231.68567,35.59639,17.1895,18.40689,28.61277,23.51001,2147.18896,354.3121,42.98789,55.71207,803.82928,199.95905,20.5
Aedes aegypti,MX,20.06,-97.05,0.0,2009,23.83775,10.55724,53.45253,347.08597,33.40712,13.65643,19.75069,27.41351,19.98211,1687.37317,311.79199,61.94425,50.92318,650.40918,228.87906,68.0
Aedes aegypti,MX,18.0,-94.63,0.0,2009,25.66978,9.56893,51.54474,251.66312,35.54444,16.98012,18.56432,28.28493,22.64723,2160.24097,377.4151,26.97574,70.37841,1004.29907,103.46649,43.5
Aedes aegypti,MX,20.53,-97.45,0.0,2009,24.08495,10.62599,53.3214,346.52228,33.60048,13.67228,19.9282,27.63564,20.14197,1212.62878,232.7981,38.33421,56.02273,487.69229,151.5836,96.5
Aedes aegypti,MX,21.35,-98.23,0.0,2009,23.75223,11.05768,50.68314,391.86926,34.44028,12.62301,21.81727,27.76004,19.14727,1220.15747,256.03159,30.13087,68.49459,574.61017,112.9521,152.5
Aedes aegypti,MX,18.14,-94.44,0.0,2009,25.63317,9.00398,52.92633,229.71988,34.48893,17.47664,17.01229,27.93625,22.9248,2175.68262,395.6705,25.63689,66.23089,921.30164,121.98274,38.5
Aedes aegypti,MX,19.17,-96.13,0.0,2009,24.90127,9.99964,56.30366,249.6429,33.27804,15.51784,17.7602,27.39848,22.05272,1200.11755,287.94781,9.05787,106.98295,773.51752,29.56318,14.0
Aedes aegypti,MX,14.82,-92.2,0.0,2007,27.05069,12.89187,74.53162,97.48357,35.23666,17.93948,17.29718,28.05941,26.00122,2268.49268,436.05701,6.14889,88.31011,1113.59045,45.55945,85.0
Aedes aegypti,MX,31.74,-106.44,0.0,2005,17.58149,15.07744,42.40425,783.90869,35.62492,0.06849,35.55643,27.30844,9.34301,257.7406,49.8937,6.83653,64.34263,131.24265,26.95528,1125.0
Aedes aegypti,MX,15.87,-97.08,0.0,2002,25.73652,12.70883,69.66138,133.00917,33.64296,15.39924,18.24372,26.88716,24.29783,1048.70239,273.29221,0.56736,118.18256,689.29755,13.09032,76.0
Aedes aegypti,MX,17.07,-96.73,0.0,2002,19.75351,16.1153,68.32891,195.66249,31.39253,7.80764,23.58489,21.77756,17.33065,676.3078,140.54201,2.21865,91.15503,358.65771,19.09788,1617.0
Aedes aegypti,MX,16.47,-94.35,0.0,2002,27.03466,13.9457,68.23305,162.31206,36.79334,16.355,20.43834,28.5212,25.07973,1273.83789,287.3299,2.41114,105.72444,742.4856,10.29501,61.0
Aedes aegypti,MX,16.37,-94.2,0.0,2002,27.1355,13.23662,70.08195,139.87444,36.0619,17.17456,18.88734,28.35745,25.4758,1114.29016,239.9792,2.44954,104.15048,643.63153,11.20484,58.5
Aedes aegypti,MX,17.06,-96.73,0.0,2002,20.09634,16.28179,68.00339,200.24745,31.90942,7.96681,23.94261,22.1663,17.62121,676.94373,141.8385,2.0992,91.47227,361.98279,19.34585,1553.5
Aedes aegypti,MX,15.75,-96.47,0.0,2002,25.58489,13.80404,73.12853,117.35637,34.32087,15.44446,18.87641,26.60906,24.34718,1111.88586,270.6058,2.5608,111.40942,666.5,14.72676,148.5
Aedes aegypti,MX,17.06,-96.72,0.0,2002,20.03989,16.2558,68.01881,199.80193,31.83464,7.93566,23.89898,22.10417,17.56893,674.9292,141.20351,2.14364,91.27404,359.84531,19.42433,1555.0
Aedes aegypti,MX,16.4,-94.95,0.0,2002,27.22594,10.70018,62.33317,165.27457,35.62738,18.46127,17.16611,28.70239,25.30671,971.84442,226.4375,1.07402,115.0407,594.49652,9.4295,8.0
Aedes aegypti,MX,17.05,-96.72,0.0,2002,20.14354,16.29561,67.96298,200.83372,31.97058,7.9934,23.97718,22.21708,17.66084,675.53711,141.71449,2.09357,91.36537,361.13239,19.55645,1539.0
Aedes aegypti,MX,17.56,-99.5,0.0,2010,21.58771,14.24842,69.53753,144.54291,31.73268,11.24242,20.49026,23.06314,19.8918,930.89111,209.9427,4.2007,107.48856,577.27521,16.50929,1289.0
Aedes aegypti,MX,18.34,-99.53,0.0,2010,25.33266,15.32603,65.72088,208.34373,37.30137,13.98149,23.31988,27.84565,22.92951,913.22241,198.5119,2.34919,112.14442,577.53027,8.53601,745.0
Aedes aegypti,MX,17.64,-101.55,0.0,2010,25.90414,11.10757,69.98179,125.63792,32.79736,16.92527,15.87209,27.0695,24.41577,1057.00964,321.60641,0.21704,118.94476,690.9126,5.73928,0.5
Aedes aegypti,MX,17.54,-98.58,0.0,2010,23.4134,15.08942,68.44127,185.84601,34.54179,12.49454,22.04725,25.581,21.2288,887.0257,176.38319,4.58493,100.74461,515.32172,16.90511,1117.5
Aedes aegypti,MX,16.89,-99.85,0.0,2010,26.39725,10.92632,69.27229,120.71989,33.45718,17.68417,15.77301,27.49443,25.11307,1245.87842,301.23959,0.89414,118.36787,825.15039,7.60339,213.5
Aedes aegypti,MX,14.94,-92.17,0.0,2008,26.04263,12.71988,74.35246,89.80521,34.25922,17.15168,17.10754,26.99164,25.08184,3121.83862,579.72168,9.65265,85.80104,1522.77124,85.84369,314.5
Aedes aegypti,MX,17.22,-100.63,0.0,2010,26.49308,10.61416,71.33207,113.8702,33.09668,18.21675,14.87993,27.45304,25.32274,1004.77576,276.34879,0.37273,116.84238,633.62592,3.75789,36.0
Aedes aegypti,MX,20.31,-89.43,0.0,2010,25.44895,14.27298,64.37803,221.12466,36.78977,14.61919,22.17058,27.78541,22.76299,1163.17639,206.30589,30.24482,65.56078,535.52075,108.15709,31.0
Aedes aegypti,MX,20.2,-89.28,0.0,2010,25.44998,14.07874,64.57221,217.56351,36.55222,14.74913,21.80309,27.72301,22.80088,1151.70251,198.6342,31.11815,63.91733,523.90338,111.55805,34.0
Aedes aegypti,MX,20.95,-97.39,0.0,2009,23.81571,9.01904,50.10863,342.60327,32.19241,14.19343,17.99898,27.33521,20.00421,1348.81848,256.66101,27.40178,68.98544,625.25739,117.4173,4.5
Aedes aegypti,MX,21.09,-89.29,0.0,2010,25.45495,13.23088,64.26882,214.38554,35.71902,15.13225,20.58677,27.67258,22.88895,1029.28845,167.045,27.34863,67.43081,484.19858,92.32629,15.0
Aedes aegypti,MX,20.97,-97.33,0.0,2009,23.71808,8.74441,49.16113,342.05099,31.98594,14.19869,17.78725,27.24916,19.9344,1346.51746,267.82932,26.88633,69.25362,626.83502,118.89819,2.0
Aedes aegypti,MX,20.77,-88.39,0.0,2010,25.71256,13.56621,65.05632,218.85236,35.89539,15.04237,20.85302,27.95355,23.13535,1195.35339,185.1768,29.9094,61.39837,523.50616,116.95777,29.0
Aedes aegypti,MX,20.87,-88.99,0.0,2011,25.44982,13.40181,65.43166,207.35268,35.46787,14.98572,20.48215,27.57229,23.00019,951.12006,172.58479,26.29161,66.43922,466.1709,92.84354,17.5
Aedes aegypti,MX,20.94,-89.56,0.0,2010,25.736,13.58738,64.78017,215.31294,36.33116,15.35657,20.97459,27.97114,23.14773,1034.07153,175.0509,24.97458,69.33594,491.383,79.11952,11.0
Aedes aegypti,MX,21.34,-89.26,0.0,2011,25.44967,12.02051,63.7463,197.96017,34.69835,15.84155,18.8568,27.46442,23.13855,698.52319,128.246,19.33733,58.85262,282.90659,76.55309,3.0
Aedes aegypti,MX,20.95,-97.46,0.0,2009,23.93708,9.38134,51.18754,344.6669,32.48406,14.15666,18.3274,27.44647,20.08129,1333.8429,244.85139,27.79093,69.04218,618.65417,113.58586,44.0
Aedes aegypti,MX,20.69,-88.22,0.0,2010,25.8825,13.54004,65.91416,213.58034,35.8424,15.30047,20.54193,28.05427,23.3392,1143.51843,175.1848,29.85233,62.4972,500.20459,110.62869,23.0
Aedes aegypti,MX,21.0,-89.7,0.0,2010,25.81739,13.19041,64.19585,214.69147,36.12671,15.57957,20.54714,28.01174,23.23981,941.83789,154.9689,22.39064,67.61169,430.47021,72.26641,8.0
Aedes aegypti,MX,20.59,-90.0,0.0,2010,25.73164,13.84177,64.77033,206.28093,36.68037,15.30983,21.37054,27.82238,23.24566,1008.60687,183.8898,20.39001,73.89444,490.3681,71.32274,13.0
Aedes aegypti,MX,20.83,-89.19,0.0,2011,25.71415,13.46279,65.46029,203.05933,35.98431,15.41796,20.56635,27.81355,23.27512,940.24365,166.493,25.9286,63.97802,446.05988,90.35702,17.5
Aedes aegypti,MX,20.97,-97.4,0.0,2009,23.78317,9.01715,50.09041,343.02222,32.16715,14.16541,18.00174,27.30468,19.96902,1354.1532,256.8819,27.36975,69.26383,629.75769,116.8092,15.0
Aedes aegypti,MX,21.05,-89.04,0.0,2011,25.36709,13.27122,66.14921,200.20006,35.23343,15.17088,20.06255,27.4138,22.9847,894.85992,153.42191,23.48673,63.96198,423.2128,87.25283,11.0
Aedes aegypti,MX,20.73,-89.17,0.0,2011,25.69632,13.68443,64.96569,210.38206,36.2383,15.17421,21.06409,27.89165,23.18617,1000.09723,181.85201,28.54197,65.31251,478.0867,97.04967,17.0
Aedes aegypti,MX,20.12,-88.93,0.0,2010,25.39791,14.00447,65.07026,218.42903,36.07215,14.55007,21.52208,27.60664,22.78086,1135.57178,185.534,29.71468,63.18123,516.39618,109.49184,36.5
Aedes aegypti,MX,20.88,-89.75,0.0,2011,25.77381,13.35215,64.18111,216.90808,36.2924,15.48854,20.80386,28.02747,23.16437,987.91986,168.5799,23.01456,69.06654,463.08328,76.56536,12.0
Aedes aegypti,MX,20.87,-89.21,0.0,2011,25.70283,13.42838,65.49361,202.80426,35.94935,15.44601,20.50334,27.79797,23.26237,937.96338,163.1228,25.53929,64.03596,444.23071,88.87712,15.0
Aedes aegypti,MX,20.46,-89.22,0.0,2011,25.56033,13.94962,63.52539,223.58665,36.70124,14.74212,21.95912,27.94101,22.89304,1182.46375,218.8105,30.42696,67.3399,557.41821,109.5423,25.5
Aedes aegypti,MX,20.4,-89.55,0.0,2010,25.44347,14.53151,64.48524,226.6048,36.97643,14.4418,22.53463,27.83329,22.70948,1122.47913,200.0471,28.3283,66.96648,523.49249,100.4015,28.0
Aedes aegypti,MX,21.05,-89.07,0.0,2011,25.37901,13.24371,65.96581,200.93469,35.26435,15.18773,20.07662,27.43469,22.98408,894.2674,153.29849,23.55131,64.16724,423.0611,86.80813,10.0
Aedes aegypti,MX,21.02,-89.88,0.0,2010,25.8606,12.58334,62.96545,214.33391,35.87611,15.8916,19.98451,28.02683,23.29756,801.62787,143.6722,17.82866,68.1311,365.52148,60.0005,7.0
Aedes aegypti,MX,20.47,-89.08,0.0,2011,25.56757,13.91456,63.48985,227.38692,36.48355,14.56736,21.91619,27.9511,22.88741,1181.41223,221.228,30.19917,67.58576,566.60468,113.3793,25.0
Aedes aegypti,MX,20.97,-89.62,0.0,2011,25.77402,13.43993,64.58958,215.02695,36.24924,15.44104,20.8082,27.98988,23.1897,1011.00482,168.54939,23.83026,69.11722,477.54929,75.63253,12.5
Aedes aegypti,MX,21.15,-88.15,0.0,2010,25.13939,13.57242,67.54688,201.0759,34.71264,14.61931,20.09333,27.1365,22.80748,1121.18896,163.5235,37.07335,55.32861,476.755,127.43707,22.0
Aedes aegypti,MX,20.77,-89.21,0.0,2011,25.75076,13.61754,65.32553,205.7383,36.22083,15.37517,20.84566,27.89305,23.28226,965.32336,172.0948,27.03596,64.1534,456.58832,93.03133,18.0
Aedes aegypti,MX,20.66,-87.94,0.0,2010,25.54648,13.29302,67.11762,200.06189,34.93737,15.13181,19.80556,27.57114,23.20671,1111.15845,166.0668,39.2853,54.05215,456.44702,123.56635,22.0
Aedes aegypti,MX,21.28,-89.68,0.0,2010,25.51601,11.6313,61.78719,211.18839,34.74499,15.92021,18.82478,27.61893,23.01987,746.5899,133.99719,23.0517,62.21731,297.41382,71.47639,1.0
Aedes aegypti,MX,14.88,-92.23,0.0,2006,26.8341,12.84372,74.52235,94.89581,35.02745,17.79273,17.23472,27.82034,25.81191,2544.04907,485.63501,6.80628,88.00369,1250.08813,54.56281,149.0
Aedes aegypti,MX,14.87,-92.43,0.0,2006,27.62073,12.48036,76.23757,93.54716,35.18684,18.81648,16.37036,28.40471,26.62198,2411.83374,471.7583,4.90045,90.75973,1212.82483,39.21561,23.0
Aedes aegypti,MX,21.15,-86.89,0.0,2011,25.61399,9.57694,57.60287,207.4762,33.34465,16.71885,16.6258,27.75357,23.24211,1269.84473,204.2666,41.98769,50.55273,481.84055,134.79337,10.0
Aedes aegypti,MX,14.84,-92.19,0.0,2007,26.95446,12.89514,74.43798,97.18671,35.17178,17.84845,17.32333,27.97126,25.90628,2349.44531,450.34561,6.49592,88.0771,1152.97168,48.71193,103.0
